{
  "cam": {
    "K": [
      [1043.9777149158745, 0, 620.3542209837874],
      [0, 1044.3901630718665, 343.75690903851563],
      [0, 0, 1]
    ],
    "D": [
      -0.4558224833720169, 0.29944271675699663, 6.867280678643097e-5,
      -0.00012528851559686296, -0.139114502340535
    ],
    "x": 0.188,
    "y": 0,
    "z": -0.05,
    "rz": 90,
    "ry": -90,
    "rx": 0,
    "Rodrigues": [1.20919958, -1.20919958, 1.20919958]
  }
}
